{"cameraMode":{"drawMode":0,"name":"Shaded","section":"Shading Mode"},"sceneLighting":false,"audioPlay":false,"sceneViewState":{"showFog":true,"showMaterialUpdate":false,"showSkybox":false,"showFlares":true,"showImageEffects":true,"showParticleSystems":true},"in2DMode":false,"pivot":{"x":2.384185791015625e-7,"y":1.7500003576278687,"z":5.068749904632568},"rotation":{"x":0.23925475776195527,"y":0.2764314115047455,"z":-0.07126999646425247,"w":0.9280536770820618},"size":2.3177402019500734,"orthographic":false}