{"cameraMode":{"drawMode":0,"name":"Shaded","section":"Shading Mode"},"sceneLighting":false,"audioPlay":false,"sceneViewState":{"showFog":true,"showMaterialUpdate":false,"showSkybox":false,"showFlares":true,"showImageEffects":true,"showParticleSystems":true},"in2DMode":false,"pivot":{"x":-0.06118646264076233,"y":0.17158931493759156,"z":0.24797235429286958},"rotation":{"x":-0.4738274812698364,"y":0.4654307961463928,"z":-0.6716434359550476,"w":-0.3283321261405945},"size":0.4006248712539673,"orthographic":false}